location name,latitude,longitude,start year,end time,title,description
header,,,,,,Faynan Archaeological District Mining & Metallurgy
Khirbat Faynan,30.626322,35.493381,-1188,-771,Stone_Feature,"An extensive archaeological Tel buried under Roman-Byzantine ruins. Features major adjacent Iron Age slag heaps, pottery scatters, and agricultural fields 2. Faynan 5 is the second-largest smelting site in the region with ~30,000 tons of slag, showing furnace and tap slag, tuyères, and 8th-century BCE installations 4."
Faynan 5,30.627053,35.496558,-1188,-771,Smelting,"An extensive archaeological Tel buried under Roman-Byzantine ruins. Features major adjacent Iron Age slag heaps, pottery scatters, and agricultural fields 2. Faynan 5 is the second-largest smelting site in the region with ~30,000 tons of slag, showing furnace and tap slag, tuyères, and 8th-century BCE installations 4."
Faynan 7,30.628694,35.494478,-1188,-771,Smelting,"An extensive archaeological Tel buried under Roman-Byzantine ruins. Features major adjacent Iron Age slag heaps, pottery scatters, and agricultural fields 2. Faynan 5 is the second-largest smelting site in the region with ~30,000 tons of slag, showing furnace and tap slag, tuyères, and 8th-century BCE installations 4."
Wadi Dana,30.631522,35.49,-1200,-900,Smelting,"Located in the ""Northwest cemetery"" of Khirbat Faynan 8. Features thin plate slag and small reed-impressed tuyères identical to those of Late Bronze Age Timna Site 30 8."
Wadi Faynan,30.625,35.471,-841,-771,Agriculture,"Extensive field terraces containing scatters of Iron Age pottery, representing agricultural activity supporting the smelting population 9."
Wadi Abiad,30.654,35.494,-1000,-600,Mining,Features 14 blackish mining waste dumps from shafts dug into the lower Umm Ishrin formation to reach the buried Burj (DLS) ore body below 9.
Wadi Khalid,30.645,35.498,-1500,-586,Mining,"A model mining district studied by the GMM containing 56 recorded mines 10. Features double shafts dug through the Umm Ishrin formation to exploit deeper Burj (DLS) ore 10. Mine 42 was active in the LBA 12, while WF 1422 features both Iron Age double shafts and a Roman prospection shaft 11."
Mine 42,30.639637,35.490935,-1500,-586,Mining,"A model mining district studied by the GMM containing 56 recorded mines 10. Features double shafts dug through the Umm Ishrin formation to exploit deeper Burj (DLS) ore 10. Mine 42 was active in the LBA 12, while WF 1422 features both Iron Age double shafts and a Roman prospection shaft 11."
WF 1422,30.642916,35.492923,-1500,-586,Mining,"A model mining district studied by the GMM containing 56 recorded mines 10. Features double shafts dug through the Umm Ishrin formation to exploit deeper Burj (DLS) ore 10. Mine 42 was active in the LBA 12, while WF 1422 features both Iron Age double shafts and a Roman prospection shaft 11."
Wadi Dana,30.644,35.506,-1262,-1056,Mining,Contains 14 mines on the mountain slopes north of Wadi Dana 11. Wood from Mine 13's tailing dump dates to the Late Bronze/Iron I transition 14. WF1431 represents a small building with an enclosure 14.
Mine 13,30.641904,35.505281,-1262,-1056,Mining,Contains 14 mines on the mountain slopes north of Wadi Dana 11. Wood from Mine 13's tailing dump dates to the Late Bronze/Iron I transition 14. WF1431 represents a small building with an enclosure 14.
Ras en-Naqb,30.651944,35.463333,-1000,-600,Smelting,"Located on a hilltop mountain pass 15. Features a 100-ton heap of slag reprocessed and remelted during the Iron Age II to extract metal inclusions, along with rock-cut cup marks for slag crushing 15."
Khirbat en-Nahas (KEN),30.679626,35.436231,-1373,-976,Smelting,"One of the largest smelting centers in the Levant, featuring dozens of slag mounds (~50,000–60,000 tons of slag) 16. Includes a 73x73m fortress, monumental buildings, a gatehouse converted to a smelting workshop (Area A), and a highly specialized refining workshop (Area F) 16."
Khirbat al-Jariya (KAJ),30.70573,35.452106,-1192,-936,Smelting,"Extensive unfortified smelting site on both sides of Wadi al-Jariya containing 15,000–20,000 tons of slag 19. Represents the early, unfortified phase of Iron Age smelting before the consolidation at KEN 19."
Wadi al-Jariya,30.71,35.456,-1200,-586,Mining,"Surveyed wadi valley featuring ~50 recorded mines, at least 26 of which yielded Iron Age pottery 20. Mines consist of shafts dug into the Umm Ishrin sandstone to exploit the buried Burj (DLS) formation 20."
Ras al-Miyah,30.703,35.486,-800,-500,Smelting,"Dense concentration of late Iron Age sites in the upper Wadi Ghuweiba 21. RAM East features a massive sandstone block fortress next to a mining complex 22. RAM West features a local dolomite tower, rooms, and a courtyard 23. Represents late Edomite plateau-fringe operations 21."
RAM East,30.703212,35.486475,-800,-500,Mining,"Dense concentration of late Iron Age sites in the upper Wadi Ghuweiba 21. RAM East features a massive sandstone block fortress next to a mining complex 22. RAM West features a local dolomite tower, rooms, and a courtyard 23. Represents late Edomite plateau-fringe operations 21."
RAM West,30.701085,35.471208,-800,-500,Mining,"Dense concentration of late Iron Age sites in the upper Wadi Ghuweiba 21. RAM East features a massive sandstone block fortress next to a mining complex 22. RAM West features a local dolomite tower, rooms, and a courtyard 23. Represents late Edomite plateau-fringe operations 21."
Khirbat al-Ghuweiba (KAG),30.693455,35.47568,-1192,-1051,Smelting,Features extensive scatters of small slag fragments on both sides of Wadi al-Ghuweiba 24. Excavation revealed an Iron Age I–IIA smelting layer underneath a later Roman-Nabataean building 24.
Wadi Fidan,30.669,35.389,-1200,-586,Burial,"The western gateway to the Faynan district 23. Surveyed sectors documented cemeteries, campsites, and several small-scale copper smelting scatters demonstrating simpler technologies than the major lowland centers 23."
Khirbat Hamra Ifdan (KHI),30.661394,35.3927,-1192,-1021,Smelting,"The largest Early Bronze Age copper manufactory in the Near East 28. However, it features a large eastern surface ""slag mound"" confirmed by archaeomagnetism and radiocarbon to date to the Iron Age I 28."
Wadi Fidan 40,30.673926,35.381107,-1090,-840,Burial,"The largest Iron Age cemetery in Edom (~3,450 m²) with an estimated 1,500 to 3,000 sub-surface cist graves 30. Attributed to a mobile nomadic community (Shasu) whose members were actively engaged in smelting 30."
Wadi Fidan 4,30.671285,35.384405,-1200,-600,Burial,"Well-preserved EBI village and metalworking site 32. Reused during the Iron Age for isolated tumuli burials, including Tomb 1 which contained eight individuals buried with Egyptian amulets 32."
Umm adh-Dhuhur (ez-Zuhur),30.673789,35.399239,-1000,-600,Mining,Small mining district with 24 tailing dumps 33. Shafts were dug into the local gravel to reach the buried Burj (DLS) formation 33. Probably supplied ore to Wadi Fidan's smelting sites 33.
Madsus,30.671509,35.410828,-1500,-600,Mining_Field_Placer,"Located near Jabal Madsus, containing 20–30 refilled pit mines (""Tellerpingen"") and a nearby early smelting installation 34."
Barqa el-Hetiye,30.60046,35.38041,-908,-843,Smelting,"Located far from the mines 35. Features an excavated ""four-room"" house (BH2) containing Midianite pottery and limited smelting remains, serving as an oasis road station on the route leading to the Gulf of Aqaba 35."
Rujm Hamra Ifdan (RHI),30.672203,35.390267,-1050,-524,Smelting,"Structural remains situated on a small, prominent inselberg 37. It is unique as the only stratified site in the Edom lowlands preserving clear evidence of both 10th-century and 7th–6th-century BCE occupations 38."
Jabal al-Jariya (JAJ),30.695061,35.429852,-1200,-586,Mining_Field_Placer,"A massive mining district consisting of three fields of pit mines (JAJ-1, 2, 3) in the colluvial/alluvial deposits of the Burj (DLS) formation, associated with a geological dike 39. It served as the main ore source for Khirbat en-Nahas 39."
